time_delta,date_added,weight
,7/30/2019 20:25:00,77.0
,12/30/1899 15:25:00,
,7/30/2019 20:25:00,
24:35:00,,
,,
,2/8/2019 21:25:00,
,3/8/2019 15:45:00,
,4/8/2019 22:20:00,
,5/8/2019 14:15:00,
24:00:00,,
,8/7/2019 17:03,
17:07:00,8/8/2019,77.4
,8/9/2019,
,8/10/2019 11:00,
13:00:00,8/11/2019 2:10 AM,
21:50:00,8/12/2019 10:00 AM,
14:00:00,8/13/2019 12:36 PM,
11:24:00,8/14/2019 11:30 PM,
0:30:00,8/15/2019,
33:30:00,8/16/2019,
,8/17/2019 11:30 PM,
,8/18/2019 6:07 PM,
24:15:00,8/19/2019 10:10 PM,
1:50:00,8/20/2019 11:15 PM,
24:02:00,8/21/2019,
24:00:00,8/22/2019,
24:00:00,8/23/2019 17:00,
7:00:00,8/24/2019 16:30,
7:30:00,8/25/2019 11:25 PM,
0:35:00,8/26/2019 13:45,78.3
24:30:00,8/27/2019 22:15,
1:45:00,8/28/2019,
24:00:00,8/29/2019 11:58 PM,
24:01:00,8/30/2019,
24:00:00,8/31/2019 4:20 PM,
7:40:00,9/1/2019 5:10 PM,
6:50:00,9/2/2019 2:20 PM,
24:02:00,9/3/2019,78.4
24:00:00,9/4/2019 15:00,
9:00:00,9/5/2019 10:40 AM,
13:20:00,9/6/2019,
24:00:00,9/7/2019,
24:00:00,9/8/2019 4:15 PM,81.0
24:03:00,9/9/2019,
24:00:00,9/10/2019,
24:00:00,9/11/2019 3:05 PM,
8:55:00,9/12/2019,
24:00:00,9/13/2019 6:20 PM,
5:40:00,9/14/2019 4:00 PM,78.8
8:00:00,9/15/2019 6:00 PM,
16:01:00,9/16/2019 1:15 AM,
16:00:00,9/17/2019 10:00 PM,
17:10:00,9/18/2019 15:50,
17:50:00,9/19/2019 17:38,79.3
20:22:00,9/20/2019 7:55 PM,
16:01:00,9/21/2019 6:50 PM,
10:55:00,9/22/2019 20:00,
18:00:00,9/23/2019 3:25 PM,
19:09:00,9/24/2019 7:55 PM,
16:29:00,9/25/2019 23:20,
16:55:00,9/26/2019 8:00 PM,
19:54:00,9/27/2019 9:40 PM,
16:02:00,9/28/2019 5:40 PM,78.5
18:00:00,9/29/2019 8:30 PM,
17:30:00,9/30/2019 5:10 PM,
16:53:00,10/1/2019 3:40 PM,
24:00:00,10/2/2019 10:10 PM,
16:00:00,10/3/2019 10:00 PM,
16:01:00,10/4/2019 8:10 PM,
16:00:00,10/5/2019,
,10/6/2019 3:10 AM,
34:00:00,10/7/2019 3:30 PM,
17:33:00,10/8/2019 5:20 PM,78.6
20:00:00,10/9/2019 2:00 PM,
24:02:00,10/10/2019 10:00 PM,
17:45:00,10/11/2019 7:00 PM,
17:45:00,10/12/2019 6:15 PM,
16:38:00,10/13/2019 9:10 PM,
16:45:00,10/14/2019 4:35 PM,
17:40:00,10/15/2019 9:35 PM,
16:00:00,10/16/2019 2:30 PM,
24:50:00,10/17/2019 9:25 PM,
16:08:00,10/18/2019 11:56 PM,
0:04:00,10/19/2019 1:10 PM,
10:50:00,10/20/2019 11:58 PM,
22:56:00,10/21/2019 11:16 PM,
16:04:00,10/22/2019 9:25 PM,
18:00:00,10/23/2019 5:00 PM,
21:10:00,10/24/2019 10:15 PM,
18:25:00,10/25/2019 5:20 PM,
19:11:00,10/26/2019 8:10 PM,
16:20:00,10/27/2019 4:40 PM,
21:00:00,10/28/2019 5:05 PM,
17:13:00,10/29/2019 11:59 PM,
22:47:00,10/30/2019 11:05 PM,
16:57:00,10/31/2019 9:20 PM,
20:14:00,11/1/2019 9:58 PM,
16:01:00,11/2/2019 10:20 PM,
12:46:00,11/3/2019 12:45 PM,
11:15:00,11/4/2019 10:41 PM,
13:24:00,11/5/2019 9:47 PM,
16:09:00,11/6/2019 3:35 PM,
24:00:00,11/7/2019 10:00 PM,
18:20:00,11/8/2019 5:30 PM,
21:04:00,11/9/2019 10:55 PM,
17:19:00,11/10/2019 10:10 PM,
17:15:00,11/11/2019 11:05 PM,
16:01:00,11/12/2019 9:40 PM,
16:25:00,11/13/2019 23:05,
17:05:00,11/14/2019 10:30 PM,
16:22:00,11/15/2019 9:04 PM,
17:54:00,11/16/2019 11:20 PM,
16:22:00,11/17/2019 9:35 PM,80.0
15:35:00,11/18/2019 2:00 PM,
24:25:00,11/19/2019 9:30 PM,
16:01:00,11/20/2019 4:40 PM,
24:02:00,11/21/2019 10:25 PM,
17:28:00,11/22/2019 11:00 PM,
15:16:00,11/23/2019 10:33 PM,
1:27:00,11/24/2019 11:30 PM,
0:30:00,11/25/2019 11:00 PM,
17:05:00,11/26/2019 10:00 PM,
17:36:00,11/27/2019 11:05 PM,79.0
17:55:00,11/28/2019 9:40 PM,
18:20:00,11/29/2019 6:20 PM,78.2
23:05:00,11/30/2019 10:33 PM,
19:27:00,12/1/2019 9:40 PM,
16:00:00,12/2/2019 11:58 PM,
0:02:00,12/3/2019 23:57,
24:02:00,12/4/2019 11:59 PM,
16:27:00,12/5/2019 9:40 PM,
16:01:00,12/6/2019 7:10 PM,
16:57:00,12/7/2019 11:59 PM,
22:01:00,12/8/2019 10:20 PM,
16:02:00,12/9/2019 11:20 PM,
21:45:00,12/10/2019 9:40 PM,
16:00:00,12/11/2019 10:55 PM,
1:05:00,12/12/2019 9:30 PM,
16:12:00,12/13/2019 8:00 PM,
14:01:00,12/14/2019 7:00 PM,
15:24:00,12/15/2019 7:05 PM,
18:10:00,12/16/2019 11:00 PM,
11:45:00,12/17/2019 9:35 PM,
16:37:00,12/18/2019 11:00 PM,
16:50:00,12/19/2019 10:10 PM,
15:12:00,12/20/2019 11:00 PM,
16:47:00,12/21/2019 23:00,78.6
14:21:00,12/22/2019 10:00 PM,
17:10:00,12/23/2019 11:59 PM,
0:01:00,12/24/2019 10:25 PM,
16:15:00,12/25/2019 10:45 PM,
16:05:00,12/26/2019 21:05,
19:40:00,12/27/19 5:40 PM,
19:43:00,12/28/2019 11:00 PM,
1:00:00,12/29/2019 11:10 PM,
24:01:00,12/30/2019 11:26 PM,
16:09:00,12/31/2019 10:00 PM,
24:25:00,1/1/2020 11:56 PM,
16:46:00,1/2/2020 11:59 PM,
0:01:00,1/3/2020 6:30 PM,
5:30:00,1/4/2020,
24:00:00,1/5/2020,
24:00:00,1/6/2020 6:00 PM,
6:00:00,1/7/2020 9:25 PM,
19:35:00,1/8/2020 8:30 PM,
17:06:00,1/9/2020 10:22 PM,
19:08:00,1/10/2020 6:00 PM,
17:35:00,1/11/2020 11:15 PM,
0:45:00,1/12/2020 8:50 PM,
3:10:00,1/13/2020 11:10 PM,
16:03:00,1/14/2020 9:30 PM,79.6
16:15:00,1/15/2020 11:05 PM,
15:25:00,1/16/2020 9:20 PM,
16:29:00,1/17/2020 8:00 PM,
4:00:00,1/18/2020 9:30 PM,
2:30:00,1/19/2020 10:15 PM,
24:03:00,1/20/2020 11:20 PM,
16:15:00,1/21/2020 11:00 PM,
17:10:00,1/22/2020 11:25 PM,
16:10:00,1/23/2020 9:20 PM,
2:40:00,1/24/2020 11:15 PM,
19:45:00,1/25/2020 7:40 PM,
19:00:00,1/26/2020 10:35 PM,
16:50:00,1/27/2020 11:10 PM,
17:00:00,1/28/2020 5:25 PM,
21:05:00,1/29/2020 11:05 PM,
17:35:00,1/30/2020 10:00 PM,
17:50:00,1/31/2020 7:00 PM,
19:11:00,2/1/2020 8:20 PM,
19:10:00,2/2/2020 9:30 PM,
17:05:00,2/3/2020 11:15 PM,
10:57:00,2/4/2020 11:59 PM,
0:01:00,2/5/2020 11:00 PM,
17:30:00,2/6/2020 10:40 PM,
17:05:00,2/7/2020 5:00 PM,
22:30:00,2/8/2020 9:00 PM,
17:00:00,2/9/2020 9:10 PM,
16:45:00,2/10/2020 11:57 PM,
16:38:00,2/11/2020 6:00 PM,
18:45:00,2/12/2020 11:35 PM,
16:38:00,2/13/2020 11:59 PM,
18:21:00,2/14/2020 9:15 PM,
15:20:00,2/15/2020 10:10 PM,
17:02:00,2/16/2020 10:15 PM,
17:00:00,2/17/2020 11:30 PM,
16:55:00,2/18/2020 8:00 PM,
20:40:00,2/19/2020 11:15 PM,
17:01:00,2/20/2020 9:50 PM,78.4
18:30:00,2/21/2020 9:30 PM,78.0
,2/22/2020,
,2/23/2020 10:00 PM,
19:40:00,2/24/2020 10:15 PM,
17:40:00,2/25/2020 11:15 PM,
15:00:00,2/26/2020 10:05 PM,78.9
18:00:00,2/27/2020 11:59 PM,
17:01:00,2/28/2020 11:00 PM,
16:21:00,2/29/2020 10:05 PM,
,3/1/2020 10:15 PM,
24:30:00,3/2/2020 11:00 PM,81.3
17:03:00,3/3/2020 9:00 PM,
4:15:00,3/4/2020 9:00 PM,
19:30:00,3/5/2020 9:15 PM,
18:30:00,3/6/2020 11:55 PM,
12:15:00,3/7/2020 11:00 PM,
12:30:00,3/8/2020 9:40 PM,
24:02:00,3/9/2020 10:05 PM,
20:20:00,3/10/2020 11:25 PM,
17:50:00,3/11/2020 8:15 PM,
22:15:00,3/12/2020 10:00 PM,
2:00:00,3/13/2020 1:15 PM,
23:15:00,3/14/2020 10:00 PM,
2:00:00,3/15/2020 11:55 PM,
0:05:00,3/16/2020 10:50 PM,
1:10:00,3/17/2020 7:00 PM,
18:30:00,3/18/2020 9:50 PM,
11:10:00,3/19/2020 11:59 PM,
21:01:00,3/20/2020 9:25 PM,
21:47:00,3/21/2020 9:30 PM,
22:45:00,3/22/2020 9:00 PM,
18:20:00,3/23/2020 9:15 PM,79.3
18:45:00,3/24/2020 10:50 PM,79.1
16:15:00,3/25/2020 8:30 PM,
16:16:00,3/26/2020 11:59 PM,
15:01:00,3/27/2020 10:00 PM,
2:00:00,3/28/2020 22:10,
20:30:00,3/29/2020 9:00 PM,
17:00:00,3/30/2020 7:10 PM,
18:03:00,3/31/2020 9:07 PM,
18:18:00,4/1/2020 9:45 PM,
16:45:00,4/2/2020 10:55 PM,
17:37:00,4/3/2020 10:56 PM,78.9
17:29:00,4/4/2020 10:10 PM,
1:50:00,4/5/2020 11:00 PM,
22:01:00,4/6/2020 11:20 PM,
16:24:00,4/7/2020 11:00 PM,
17:24:00,4/8/2020 11:10 PM,
16:26:00,4/9/2020 9:40 PM,
17:20:00,4/10/2020 11:00 PM,
22:21:00,4/11/2020 11:10 PM,
19:22:00,4/12/2020 10:13 PM,
18:11:00,4/13/2020 10:05 PM,
18:01:00,4/14/2020 10:01 PM,
16:20:00,4/15/2020 10:00 PM,
18:29:00,4/16/2020 9:57 PM,
16:09:00,4/17/2020 10:20 PM,
16:01:00,4/18/2020 10:06 PM,
1:54:00,4/19/2020 10:30 PM,78.7
16:35:00,4/20/2020 10:11 PM,
16:01:00,4/21/2020 9:33 PM,
17:36:00,4/22/2020 9:34 PM,
17:07:00,4/23/2020 9:56 PM,79.6
15:47:00,4/24/2020 10:36 PM,
18:23:00,4/25/2020 9:54 PM,
16:00:00,4/26/2020 10:12 PM,
14:51:00,4/27/2020 21:00,
16:03:00,4/28/2020 11:39 PM,
18:22:00,4/29/2020 9:41 PM,
16:56:00,4/30/2020 10:58 PM,
16:36:00,5/1/2020 9:54 PM,
16:22:00,5/2/2020 9:14 PM,
17:13:00,5/3/2020 9:47 PM,79.2
16:09:00,5/4/2020 8:13 PM,
19:54:00,5/5/2020 10:09 PM,
16:00:00,5/6/2020 9:29 PM,
17:24:00,5/7/2020 10:06 PM,
16:05:00,5/8/2020 9:46 PM,
16:07:00,5/9/2020 10:35 PM,79.1
16:25:00,5/10/2020 23:03,
0:57:00,5/11/2020 9:24 PM,
16:00:00,5/12/2020 9:32 PM,
16:39:00,5/13/2020 8:30 PM,
17:37:00,5/14/2020 9:52 PM,
16:23:00,5/15/2020 9:10 PM,
18:12:00,5/16/2020 23:15,
0:45:00,5/17/2020 10:26 PM,
16:12:00,5/18/2020 9:48 PM,
16:42:00,5/19/2020 8:45 PM,
3:15:00,5/20/2020 9:40 PM,
18:19:00,5/21/2020 9:49 PM,
16:32:00,5/22/2020 9:22 PM,
16:53:00,5/23/2020 9:48 PM,
16:01:00,5/24/2020 7:46 PM,
18:02:00,5/25/2020 9:43 PM,
12:47:00,5/26/2020 11:59 PM,
17:00:00,5/27/2020 9:56 PM,
16:19:00,5/28/2020 8:19 PM,
17:49:00,5/29/2020 7:45 PM,
17:36:00,5/30/2020 9:33 PM,
2:27:00,5/31/2020 23:59,
0:01:00,6/1/2020 9:34 PM,
16:15:00,6/2/2020 10:54 PM,
17:29:00,6/3/2020 9:50 PM,
15:23:00,6/4/2020 11:00 PM,
16:01:00,6/5/2020 9:31 PM,
18:05:00,6/6/2020 9:45 PM,
16:39:00,6/7/2020 9:50 PM,
16:13:00,6/8/2020 9:47 PM,
17:02:00,6/9/2020 9:45 PM,
19:21:00,6/10/2020 9:44 PM,
16:51:00,6/11/2020 11:25 PM,
20:03:00,6/12/2020 10:04 PM,
16:05:00,6/13/2020 10:02 PM,
17:51:00,6/14/2020 9:53 PM,
19:33:00,6/15/2020 22:01,
16:52:00,6/16/2020 9:49 PM,
17:07:00,6/17/2020 10:45 PM,
15:16:00,6/18/2020 11:03 PM,
17:21:00,6/19/2020 8:21 PM,
19:33:00,6/20/2020 9:07 PM,
16:08:00,6/21/2020 11:15 PM,
16:01:00,6/22/2020 9:25 PM,
17:22:00,6/23/2020 9:40 PM,
17:10:00,6/24/2020 9:55 PM,79.1
16:31:00,6/25/2020 9:31 PM,78.3
15:53:00,6/26/2020 11:40 PM,
16:08:00,6/27/2020 9:53 PM,
17:15:00,6/28/2020 9:58 PM,
16:05:00,6/29/2020 10:42 PM,78.9
14:19:00,6/30/2020 10:00 PM,
16:01:00,7/1/2020 9:48 PM,
17:10:00,7/2/2020 23:15,
16:01:00,7/3/2020 22:01,
17:16:00,7/4/2020 9:49 PM,
12:36:00,7/5/2020 9:29 PM,
,7/6/2020,
48:00:00,7/7/2020 23:59,
18,7/8/2020 9:56 PM,
17:31:00,7/9/2020 10:22 PM,
16:05:00,7/10/2020 23:59,
12,7/11/2020 11:00 PM,
16:53:00,7/12/2020 9:15 PM,
24:03:00,7/13/2020 9:40 PM,
16:18:00,7/14/2020 21:08,
18:10:00,7/15/2020 22:57,
17:52:00,7/16/2020 11:06 PM,78.3
16:01:00,7/17/2020 7:58 PM,
,7/18/2020 10:12 PM,
16:53:00,7/19/2020 9:21 PM,
25:42:00,7/20/2020 11:29 PM,
13:46:00,7/21/2020 9:25 PM,
16:44:00,7/22/2020 8:57 PM,
23:12:00,7/23/2020 10:20 PM,
16:44:00,7/24/2020 8:48 PM,
21:34:00,7/25/2020 8:10 PM,
16:07:00,7/26/2020 6:39 PM,
22:01:00,7/27/2020 11:01 PM,
16:52:00,7/28/2020 9:53 PM,
20:00:00,7/29/2020 6:36 PM,
24:07:00,7/30/2020 8:04 PM,
26:57:00,7/31/2020 23:59,
16:51:00,8/1/2020 8:20 PM,
17:51:00,8/2/2020 8:45 PM,
18:08:00,8/3/2020 9:50 PM,
18:16:00,8/4/2020 9:59 PM,
18:50:00,8/5/2020 10:56 PM,
16:22:00,8/6/2020 9:21 PM,
16:16:00,8/7/2020 9:01 PM,
16:08:00,8/8/2020 7:53 PM,
,8/9/2020 7:49 PM,
25:53:00,8/10/2020 10:04 PM,
16:36:00,8/11/2020 9:43 PM,
16:32:00,8/12/2020 11:02 PM,
16:38:00,8/13/2020 8:57 PM,
,8/14/2020 10:40 PM,
22:08:00,8/15/2020 9:10 PM,
18:00:00,8/16/2020 22:00,
19:13:00,8/17/2020 5:32 PM,
20:33:00,8/18/2020 10:18 PM,
15:45:00,8/19/2020 10:14 PM,
15:35:00,8/20/2020 10:47 PM,
18:13:00,8/21/2020 9:35 PM,
,8/22/2020 9:49 PM,
22:50:00,8/23/2020 22:03,
16:29:00,8/24/2020 11:12 PM,
12:04:00,8/25/2020 8:47 PM,
17:06:00,8/26/2020 8:59 PM,
16:04:00,8/27/2020,
,8/28/2020 21:34,
16:51:00,8/29/2020 9:59 PM,
17:16:00,8/30/2020 20:36,
,8/31/2020 8:46 PM,
17:09:00,9/1/2020 8:45 PM,
15:26:00,9/2/2020 5:31 PM,
17:35:00,9/3/2020 11:46 PM,79.8
,9/4/2020 6:05 PM,
15:46:00,9/5/2020 9:46 PM,78.9
19:09:00,9/6/2020 9:32 PM,
16:51:00,9/7/2020 9:37 PM,
16:27:00,9/8/2020 8:38 PM,
,9/9/2020 6:00 PM,
17:02:00,9/10/2020 8:46 PM,79.6
17:11:00,9/11/2020 10:27 PM,
,9/12/2020 10:28 PM,
22:05:00,9/13/2020 10:33 PM,
14:33:00,9/14/2020 9:15 PM,
16:16:00,9/15/2020 9:11 PM,79.4
16:20:00,9/16/2020 23:59,
,9/17/2020,
34:13:00,9/18/2020 10:47 PM,
,9/19/2020,
,9/20/2020 11:32 PM,
14:43:00,9/21/2020 9:35 PM,
18:33:00,9/22/2020 9:47 PM,
18:21:00,9/23/2020 11:19 PM,
0:41:00,9/24/2020 9:48 PM,
20:06:00,9/25/2020 7:07 PM,
,9/26/2020,
,9/27/2020 9:46 PM,
16:56:00,9/28/2020 11:17 PM,
11:45:00,9/29/2020 10:45 PM,
16:34:00,9/30/2020 23:59,
15:18:00,10/1/2020 6:54 PM,
16:51:00,10/2/2020,
24:00:00,10/3/2020 11:01 PM,
0:59:00,10/4/2020 10:45 PM,
18:24:00,10/5/2020 17:56,
21:20:00,10/6/2020 7:56 PM,
16:12:00,10/7/2020 10:31 PM,
1:29:00,10/8/2020 11:47 PM,
0:13:00,10/9/2020 11:15 PM,
0:45:00,10/10/2020,
24:00:00,10/11/2020 22:03,
15:49:00,10/12/2020 8:45 PM,
13:44:00,10/13/2020 11:00 AM,
31:15:00,10/14/2020 7:18 PM,81.3
23:23:00,10/15/2020 7:45 PM,
17:06:00,10/16/2020 8:25 PM,
16:08:00,10/17/2020 10:30 PM,80.0
,10/18/2020 8:20 PM,79.4
21:09:00,10/19/2020 6:03 PM,
22:09:00,10/20/2020 20:15,
17:52:00,10/21/2020 20:45,
17:14:00,10/22/2020 7:35 PM,79.3
20:02:00,10/23/2020 8:20 PM,
,10/24/2020 19:41,
23:00:00,10/25/2020 7:01 PM,
18:28:00,10/26/2020 7:09 PM,
22:27:00,10/27/2020 7:25 PM,79.1
20:38:00,10/28/2020 8:17 PM,
16:54:00,10/29/2020 22:10,
19:26:00,10/30/2020 7:27 PM,
4:33:00,10/31/2020 7:31 PM,78.3
19:51:00,11/1/2020 6:44 PM,
16:10:00,11/2/2020 8:11 PM,
,11/3/2020 8:04 PM,
19:53:00,11/4/2020 6:45 PM,
20:11:00,11/5/2020 7:03 PM,
20:58:00,11/6/2020 5:24 PM,
23:40:00,11/7/2020 8:40 PM,79.3
21:23:00,11/8/2020 8:31 PM,
17:13:00,11/9/2020 7:59 PM,
4:01:00,11/10/2020 9:01 PM,
19:21:00,11/11/2020 7:57 PM,
4:03:00,11/12/2020,
24:00:00,11/13/2020 8:07 PM,
3:53:00,11/14/2020,
24:00:00,11/15/2020 9:25 PM,
19:11:00,11/16/2020 7:01 PM,
20:31:00,11/17/2020 5:54 PM,
18:42:00,11/18/2020 8:27 PM,
19:18:00,11/19/2020 17:02,
19:51:00,11/20/2020 6:19 PM,
15:58:00,11/21/2020 9:01 PM,
21:11:00,11/22/2020 9:29 PM,
21:10:00,11/23/2020 7:01 PM,
19:50:00,11/24/2020 9:53 PM,
19:18:00,11/25/2020 5:51 PM,
19:30:00,11/26/2020 10:59 PM,
1:01:00,11/27/2020 10:01 PM,
1:59:00,11/28/2020 11:03 PM,
17:21:00,11/29/2020 6:11 PM,
-1059940:11:00,11/30/2020 7:32 PM,
21:00:00,12/1/2020 8:09 PM,
20:57:00,12/2/2020 17:43,
21:54:00,12/3/2020 7:19 PM,
4:41:00,12/4/2020 8:15 PM,
23:35:00,12/5/2020 8:01 PM,
17:35:00,12/6/2020 11:04 PM,
16:24:00,12/7/2020 7:28 PM,
19:06:00,12/8/2020 10:04 PM,
21:27:00,12/9/2020 7:51 PM,
21:10:00,12/10/2020 5:32 PM,
21:09:00,12/11/2020 3:45 PM,
23:46:00,12/12/2020 8:21 PM,
16:58:00,12/13/2020 11:58 PM,
0:02:00,12/14/2020 9:58 PM,
21:45:00,12/15/2020 8:13 PM,
18:46:00,12/16/2020 6:41 PM,
20:25:00,12/17/2020 10:16 PM,
17:40:00,12/18/2020 11:34 PM,
16:27:00,12/19/2020 9:24 PM,
2:36:00,12/20/2020 7:34 PM,
20:14:00,12/21/2020 7:09 PM,
19:55:00,12/22/2020 8:04 PM,
17:19:00,12/23/2020 9:27 PM,
19:11:00,12/24/2020 11:02 PM,
17:07:00,12/25/2020 22:49,
15:28:00,12/26/2020 8:44 PM,
15:45:00,12/27/2020 9:52 PM,
16:14:00,12/28/2020 8:45 PM,
18:11:00,12/29/2020 10:45 PM,
17:28:00,12/30/2020,
24:00:00,12/31/2020,
24:00:00,1/1/2021,
24:00:00,1/2/2021 9:45 PM,
2:15:00,1/3/2021,
24:00:00,1/4/2021 9:54 PM,
18:32:00,1/5/2021 9:54 PM,
16:19:00,1/6/2021 6:45 PM,
20:22:00,1/7/2021 9:42 PM,
16:56:00,1/8/2021 8:18 PM,
18:13:00,1/9/2021 8:23 PM,
19:29:00,1/10/2021 9:07 PM,
18:05:00,1/11/2021 10:31 PM,
16:04:00,1/12/2021 10:22 PM,
1:38:00,1/13/2021,
16:04:00,1/14/2021 20:15,
20:06:00,1/15/2021 8:47 PM,
20:00:00,1/16/2021 8:19 PM,
18:53:00,1/17/2021 8:34 PM,
16:51:00,1/18/2021 6:22 PM,
20:28:00,1/19/2021 7:57 PM,
21:24:00,1/20/2021 9:22 PM,
16:14:00,1/21/2021 8:59 PM,
17:02:00,1/22/2021 9:04 PM,
17:47:00,1/23/2021 8:27 PM,
18:51:00,1/24/2021 11:21 PM,
0:39:00,1/25/2021 2:03 PM,
25:05:00,1/26/2021 8:20 PM,
18:48:00,1/27/2021 9:17 PM,
18:11:00,1/28/2021 10:25 PM,
16:31:00,1/29/2021 23:59,
18:53:00,1/30/2021 9:00 PM,
17:28:00,1/31/2021 6:53 PM,
19:50:00,2/1/2021 8:04 PM,
17:15:00,2/2/2021 8:03 PM,
18:26:00,2/3/2021 9:01 PM,
2:59:00,2/4/2021 9:59 PM,
21:34:00,2/5/2021 7:56 PM,
17:27:00,2/6/2021 9:26 PM,
18:10:00,2/7/2021 23:10,
16:02:00,2/8/2021 7:07 PM,
24:25:00,2/9/2021 8:07 PM,
17:59:00,2/10/2021 10:54 PM,
16:18:00,2/11/2021 8:21 PM,
3:39:00,2/12/2021 22:45,
16:20:00,2/13/2021 20:17,
16:01:00,2/14/2021 10:31 PM,
16:48:00,2/15/2021 8:36 PM,
17:30:00,2/16/2021 10:17 PM,
12:34:00,2/17/2021 9:02 PM,
12:13:00,2/18/2021 9:09 PM,
14:12:00,2/19/2021 8:51 PM,
3:09:00,2/20/2021,
,2/21/2021,
24:00:00,2/22/2021,
,2/23/2021 10:00 PM,
2:00:00,2/24/2021 23:31,
18:30:00,2/25/2021 9:20 PM,
17:37:00,2/26/2021 8:53 PM,
17:31:00,2/27/2021 9:01 PM,
18:04:00,2/28/2021 11:18 PM,
15:48:00,3/1/2021 17:36:00 10:01pm,
,3/2/2021,83.5
,3/3/2021 8:04 PM,
20:50:00,3/4/2021 9:01 PM,
17:56:00,3/5/2021 9:14 PM,
16:07:00,3/6/2021 8:14 PM,
17:30:00,3/7/2021 8:47 PM,
16:18:00,3/8/2021 9:25 PM,
16:18:00,3/9/2021 8:58 PM,
16:30:00,3/10/2021 8:49 PM,
16:17:00,3/11/2021 8:48 PM,
19:23:00,3/12/2021 9:22 PM,
19:29:00,3/13/2021 11:21 PM,
16:12:00,3/14/2021 9:05 PM,
16:49:00,3/15/2021 8:51 PM,
19:31:00,3/16/2021 9:04 PM,
19:50:00,3/17/2021 10:19 PM,
16:26:00,3/18/2021 9:26 PM,
18:01:00,3/19/2021 9:25 PM,
17:31:00,3/20/2021 9:37 PM,80.0
17:18:00,3/21/2021 10:31 PM,
17:00:00,3/22/2021 9:32 PM,
18:24:00,3/23/2021 9:33 PM,
18:14:00,3/24/2021 9:48 PM,79.6
18:17:00,3/25/2021 11:59 PM,
16:30:00,3/26/2021 9:03 PM,
16:51:00,3/27/2021 9:31 PM,
17:31:00,3/28/2021 10:31 PM,
19:30:00,3/29/2021 10:18 PM,79.6
18:35:00,3/30/2021 9:19 PM,78.5
16:22:00,3/31/2021 9:21 PM,
2:39:00,4/1/2021 11:03 PM,
19:21:00,4/2/2021 9:15 PM,
2:45:00,4/3/2021 23:32,
18:54:00,4/4/2021 9:19 PM,
17:28:00,4/5/2021 9:36 PM,
17:05:00,4/6/2021 8:32 PM,
20:46:00,4/7/2021 9:39 PM,
17:18:00,4/8/2021,
16,4/9/2021 9:28 PM,
17:43:00,4/10/2021 9:02 PM,
24:27:00,4/11/2021 10:03 PM,
16:58:00,4/12/2021 9:43 PM,
16:45:00,4/13/2021 9:16 PM,
19:10:00,4/14/2021 9:04 PM,
18:22:00,4/15/2021 9:38 PM,79.3
2:22:00,4/16/2021 11:13 PM,
18:35:00,4/17/2021 9:28 PM,
22:55:00,4/18/2021 9:08 PM,
19:39:00,4/19/2021 6:30 PM,
17:20:00,4/20/2021 9:15 PM,79.7
17:03:00,4/21/2021 9:19 PM,78.7
2:41:00,4/22/2021 11:30 PM,
22:02:00,4/23/2021 10:08 PM,
20:17:00,4/24/2021 23:58,
0:02:00,4/25/2021 9:46 PM,
23:20:00,4/26/2021 9:19 PM,
17:37:00,4/27/2021 8:57 PM,
18:10:00,4/28/2021,
24:00:00,4/29/2021 11:59 PM,
19:32:00,4/30/2021 8:11 PM,
22:30:00,5/1/2021 9:40 PM,
2:20:00,5/2/2021 9:25 PM,
19:24:00,5/3/2021,
24:00:00,5/4/2021,
,5/5/2021 19:02,
22:10:00,5/6/2021 9:17 PM,
17:20:00,5/7/2021 9:31 PM,
2:29:00,5/8/2021,
24:00:00,5/9/2021,
,5/10/2021 8:14 PM,
24:19:00,5/11/2021 9:25 PM,
18:02:00,5/12/2021 8:51 PM,
18:10:00,5/13/2021 8:52 PM,
22:17:00,5/14/2021 9:06 PM,
19:35:00,5/15/2021 22:35,
19:29:00,5/16/2021 23:21,
20:46:00,5/17/2021 9:11 PM,
22:40:00,5/18/2021 9:08 PM,
19:03:00,5/19/2021 8:56 PM,
17:23:00,5/20/2021 11:04 PM,
20:32:00,5/21/2021 8:47 PM,
17:05:00,5/22/2021 9:21 PM,
23:00:00,5/23/2021 9:41 PM,
17:44:00,5/24/2021 7:01 PM,
17:25:00,5/25/2021 10:15 PM,
16:28:00,5/26/2021 8:59 PM,
,5/27/2021 10:31 PM,
1:29:00,5/28/2021,
36:32:00,5/29/2021 6:57 PM,
16:49:00,5/30/2021 22:58,
18:36:00,5/31/2021 8:50 PM,
18:13:00,6/1/2021 8:01 PM,
19:11:00,6/2/2021 8:15 PM,
22:57:00,6/3/2021 9:21 PM,
19:37:00,6/4/2021 8:11 PM,
19:15:00,6/5/2021 11:00 PM,
1:00:00,6/6/2021 11:00 PM,
16:52:00,6/7/2021 7:04 PM,
20:13:00,6/8/2021 20:12,
16:37:00,6/9/2021,
,6/10/2021 10:03 PM,
18:12:00,6/11/2021 8:15 PM,
19:33:00,6/12/2021 8:21 PM,
17:18:00,6/13/2021 8:41 PM,
18:42:00,6/14/2021 6:07 PM,
20:00:00,6/15/2021 5:36 PM,
19:02:00,6/16/2021 10:15 PM,
17:22:00,6/17/2021 8:09 PM,
18:41:00,6/18/2021 7:56 PM,
18:05:00,6/19/2021 8:01 PM,
23:09:00,6/20/2021 7:55 PM,
18:01:00,6/21/2021 7:03 PM,
4:57:00,6/22/2021 11:32 PM,
15:29:00,6/23/2021 3:15 PM,
22:07:00,6/24/2021 8:02 PM,
18:13:00,6/25/2021 8:19 PM,
18:02:00,6/26/2021 10:25 PM,
1:35:00,6/27/2021,
24:00:00,6/28/2021 8:19 PM,
17:32:00,6/29/2021 9:35 PM,
2:25:00,6/30/2021,
24:00:00,7/1/2021 7:59 PM,
18:27:00,7/2/2021 8:21 PM,
19:04:00,7/3/2021 8:12 PM,
20:28:00,7/4/2021 7:54 PM,
21:37:00,7/5/2021 7:25 PM,
17:48:00,7/6/2021,
24:00:00,7/7/2021 11:04 PM,
0:56:00,7/8/2021,
38:36:00,7/9/2021 7:56 PM,
24:02:00,7/10/2021 9:15 PM,
2:45:00,7/11/2021 9:30 PM,
21:56:00,7/12/2021 7:43 PM,
20:00:00,7/13/2021 7:58 PM,
15:50:00,7/14/2021 8:03 PM,
14:59:00,7/15/2021 8:53 PM,
16:36:00,7/16/2021 9:14 PM,
2:46:00,7/17/2021 9:46 PM,
24:00:00,7/18/2021 10:21 PM,
18:13:00,7/19/2021 7:15 PM,
19:51:00,7/20/2021 8:03 PM,
19:09:00,7/21/2021,
24:00:00,7/22/2021,
24:00:00,7/23/2021 5:01 PM,
6:59:00,7/24/2021,
24:00:00,7/25/2021,
18,7/26/2021 7:58 PM,
20:25:00,7/27/2021 9:45 PM,
17:23:00,7/28/2021 9:39 PM,
17:17:00,7/29/2021 8:49 PM,
15:03:00,7/30/2021 4:10 PM,
7:50:00,7/31/2021 6:56 PM,
5:04:00,8/1/2021,
19:00:00,8/2/2021 7:53 PM,
17:09:00,8/3/2021 7:53 PM,
19:15:00,8/4/2021 10:03 PM,
20:35:00,8/5/2021 21:12,
17:02:00,8/6/2021 9:31 PM,
18:00:00,8/7/2021 9:15 PM,
2:45:00,8/8/2021 5:28 PM,
6:32:00,8/9/2021 6:50 PM,
20:42:00,8/10/2021 9:03 PM,
17:15:00,8/11/2021 8:47 PM,
16:52:00,8/12/2021 8:56 PM,
17:22:00,8/13/2021 9:32 PM,
19:36:00,8/14/2021 6:17 PM,
19:44:00,8/15/2021 9:58 PM,
14:00:00,8/16/2021 9:00 PM,
15:15:00,8/17/2021 10:05 PM,
17:22:00,8/18/2021 8:44 PM,
18:29:00,8/19/2021 9:11 PM,
16:43:00,8/20/2021 6:28 PM,
16:49:00,8/21/2021 7:26 PM,
21:18:00,8/22/2021 9:02 PM,
20:50:00,8/23/2021 6:51 PM,
19:26:00,8/24/2021 9:55 PM,
2:05:00,8/25/2021 6:59 PM,
17:45:00,8/26/2021 10:12 PM,
15:17:00,8/27/2021 9:45 PM,
17:42:00,8/28/2021 5:51 PM,
18:01:00,8/29/2021 7:28 PM,
18:59:00,8/30/2021 8:25 PM,
16:19:00,8/31/2021 8:17 PM,
21:44:00,9/1/2021 8:34 PM,
18:27:00,9/2/2021 8:06 PM,
23:26:00,9/3/2021 8:09 PM,
16:47:00,9/4/2021 10:20 PM,
15:41:00,9/5/2021 8:45 PM,
19:07:00,9/6/2021 21:05,
18:20:00,9/7/2021 16:46,
21:22:00,9/8/2021 8:11 PM,
17:47:00,9/9/2021 9:18 PM,
17:40:00,9/10/2021 8:31 PM,79.6
17:25:00,9/11/2021 23:32,
0:28:00,9/12/2021 21:15,
22:12:00,9/13/2021 7:51 PM,
17:51:00,9/14/2021 2:26 PM,
9:34:00,9/15/2021,
,9/16/2021 3:53 PM,
22:25:00,9/17/2021 8:45 PM,
19:11:00,9/18/2021 7:14 PM,
4:46:00,9/19/2021 10:42 PM,
1:18:00,9/20/2021 5:35 PM,
6:25:00,9/21/2021,
24:00:00,9/22/2021 18:45,
5:15:00,9/23/2021 9:31 PM,
19:47:00,9/24/2021 8:27 PM,
17:47:00,9/25/2021 19:16,
19:36:00,9/26/2021 9:51 PM,
21:35:00,9/27/2021 8:15 PM,
16:47:00,9/28/2021 9:02 PM,
18:49:00,9/29/2021 8:10 PM,
17:57:00,9/30/2021 9:05 PM,
18:27:00,10/1/2021 23.56,80.5
,10/2/2021 8:43 PM,
15:24:00,10/3/2021 10:30 PM,
18:36:00,10/4/2021 8:57 PM,
23:30:00,10/5/2021 8:58 PM,
17:04:00,10/6/2021 8:16 PM,
17:13:00,10/7/2021 9:29 PM,
2:31:00,10/8/2021 10:23 PM,79.7
20:08:00,10/9/2021 6:52 PM,
21:33:00,10/10/2021 11:12 PM,
16:37:00,10/11/2021 8:07 PM,
24:54:00,10/12/2021 9:46 PM,
19:30:00,10/13/2021 8:31 PM,
17:18:00,10/14/2021 9:22 PM,
2:38:00,10/15/2021 8:21 PM,79.0
24:06:00,10/16/2021 9:02 PM,
19:55:00,10/17/2021 5:19 PM,
21:00:00,10/18/2021 8:07 PM,
25:02:00,10/19/2021 9:41 PM,
18:02:00,10/20/2021 20:34,
17:01:00,10/21/2021 21:31,
2:29:00,10/22/2021 10:01 PM,78.4
22:09:00,10/23/2021 8:58 PM,
20:35:00,10/24/2021 8:16 PM,
19:05:00,10/25/2021 21:21,
24:02:00,10/26/2021 9:49 PM,
17:16:00,10/27/2021 8:16 PM,
3:44:00,10/28/2021,
24:00:00,10/29/2021,78.4
,10/30/2021 7:06 PM,
19:03:00,10/31/2021 7:49 PM,
16:22:00,11/1/2021,
24:00:00,11/2/2021,
24:00:00,11/3/2021 8:49 PM,
17:07:00,11/4/2021 5:57 PM,
6:03:00,11/5/2021 8:11 PM,
19:40:00,11/6/2021 8:21 PM,
3:39:00,11/7/2021,
,11/8/2021 8:11 PM,
18:11:00,11/9/2021 9:24 PM,
22:47:00,11/10/2021 8:36 PM,
17:19:00,11/11/2021 9:16 PM,
2:44:00,11/12/2021 8:45 PM,77.7
3:15:00,11/13/2021 9:01 PM,
21:00:00,11/14/2021 10:02 PM,
21:21:00,11/15/2021 7:47 PM,
25:17:00,11/16/2021 9:29 PM,
18:46:00,11/17/2021 8:21 PM,
17:12:00,11/18/2021 9:42 PM,
21:56:00,11/19/2021 7:47 PM,
4:13:00,11/20/2021 11:35 PM,78.1
,11/21/2021,
,11/22/2021 7:58 PM,
25:03:00,11/23/2021 9:28 PM,
17:32:00,11/24/2021 9:19 PM,
24:03:00,11/25/2021 9:26 PM,
22:15:00,11/26/2021 8:09 PM,
3:51:00,11/27/2021 10:38 PM,77.4
1:22:00,11/28/2021 22:07,
21:25:00,11/29/2021 7:51 PM,
25:10:00,11/30/2021 9:32 PM,
16:55:00,12/1/2021 8:02 PM,
25:07:00,12/2/2021 9:42 PM,
16:51:00,12/3/2021 8:06 PM,
3:54:00,12/4/2021,76.3
24:00:00,12/5/2021 9:56 PM,
21:19:00,12/6/2021 7:39 PM,
19:22:00,12/7/2021 9:25 PM,
18:46:00,12/8/2021 7:52 PM,
19:26:00,12/9/2021 11:25 PM,
16:38:00,12/10/2021 6:34 PM,76.8
5:26:00,12/11/2021,
,12/12/2021 23:15,
21:28:00,12/13/2021 9:10 PM,
24:04:00,12/14/2021 9:37 PM,
16:49:00,12/15/2021 7:56 PM,
4:04:00,12/16/2021,
24:00:00,12/17/2021,
24:00:00,12/18/2021 6:15 PM,
25:46:00,12/19/2021,
24:00:00,12/20/2021 9:15 PM,
19:13:00,12/21/2021 6:10 PM,
19:43:00,12/22/2021 16:48,
21:43:00,12/23/2021 8:04 PM,
15:38:00,12/24/2021 12:43 PM,
11:17:00,12/25/2021 4:25 PM,
,12/26/2021,
41,12/27/2021 5:49 PM,
22:21:00,12/28/2021 4:59 PM,
24:44:00,12/29/2021 6:37 PM,
16:26:00,12/30/2021 10:04 PM,
1:56:00,12/31/2021,77.3
24:00:00,1/1/2022,
24:00:00,1/2/2022,
24:00:00,1/3/2022,
,1/4/2022 4:02 PM,
23:41:00,1/5/2022 7:04 PM,
20:58:00,1/6/2022 7:48 PM,
20:16:00,1/7/2022 7:56 PM,
20:28:00,1/8/2022 7:49 PM,
4:11:00,1/9/2022,
,1/10/2022 1:15 PM,
10:45:00,1/11/2022 8:51 PM,
17:57:00,1/12/2022 7:59 PM,
25:02:00,1/13/2022 9:31 PM,
15:32:00,1/14/2022 8:13 PM,
20:22:00,1/15/2022,
24:00:00,1/16/2022 23:59,
20:06:00,1/17/2022 20:28,
17:07:00,1/18/2022 7:54 PM,
16:18:00,1/19/2022 12:58 PM,
22:40:00,1/20/2022,
,1/21/2022 23:59,
20:08:00,1/22/2022 8:19 PM,
19:02:00,1/23/2022 8:44 PM,
3:16:00,1/24/2022 23:59,
35:36:00,1/26/2022 8:01 PM,
18:54:00,1/27/2022 11:25 PM,
16:21:00,1/28/2022 16:12,
22:12:00,1/29/2022 4:31 PM,
23:05:00,1/30/2022 9:56 PM,
20:01:00,1/31/2022 6:21 PM,
5:39:00,2/1/2022,79.5
24:00:00,2/2/2022,
24:00:00,2/3/2022,
,2/4/2022 2:17 PM,
23:01:00,2/5/2022 1:49 PM,
10:11:00,2/6/2022,
,2/7/2022 7:32 PM,
25:25:00,2/8/2022 9:21 PM,
19:25:00,2/9/2022 5:19 PM,
27:44:00,2/10/2022 9:31 PM,
19:00:00,2/11/2022 6:27 PM,
22:44:00,2/12/2022 22:58,
1:02:00,2/13/2022 10:59 PM,
18:05:00,2/14/2022 5:31 PM,
27:30:00,2/15/2022 9:39 PM,
17:25:00,2/16/2022,
24:00:00,2/17/2022,
24:00:00,2/18/2022 6:58 PM,
5:02:00,2/19/2022,
24:00:00,2/20/2022,
,2/21/2022 5:38 PM,
27:19:00,2/22/2022 9:27 PM,
17:18:00,2/23/2022 5:56 PM,
20:23:00,2/24/2022 10:04 PM,
17:58:00,2/25/2022 4:45 PM,
17:18:00,2/26/2022 7:16 PM,
20:38:00,2/27/2022 7:11 PM,
19:39:00,2/28/2022 8:31 PM,
22:20:00,3/1/2022,
17:00:00,3/2/2022,
16:05:00,3/3/2022 8:23 PM,
19:02:00,3/4/2022 7:24 PM,
19:52:00,3/5/2022 9:56 PM,79.3
17:44:00,3/6/2022 21:59,
17:58:00,3/7/2022 11:35 PM,
14:12:00,3/8/2022 9:23 PM,78.8
22:23:00,3/9/2022 8:15 PM,
3:45:00,3/10/2022,
24:00:00,3/11/2022,
18:30:00,3/12/2022 8:18 PM,
17:38:00,3/13/2022 8:37 PM,
20:09:00,3/14/2022 7:56 PM,
21:43:00,3/15/2022 6:31 PM,
23:14:00,3/16/2022 8:31 PM,
18:28:00,3/17/2022,
,3/18/2022,
,3/19/2022,
33:36:00,3/20/2022,
,3/21/2022 7:01 PM,
22:36:00,3/22/2022 5:53 PM,
20:03:00,3/23/2022 20:45,
22:38:00,3/24/2022 8:01 PM,
,3/25/2022,
,3/26/2022,
,3/27/2022,
,3/28/2022,
,3/29/2022 19:02,
24:30:00,3/30/2022 8:16 PM,
22:29:00,3/31/2022 7:10 PM,
24:48:00,4/1/2022 8:39 PM,
3:21:00,4/2/2022 6:57 PM,
5:03:00,4/3/2022 22:45,
20:46:00,4/4/2022 7:59 PM,
22:12:00,4/5/2022 6:49 PM,
20:10:00,4/6/2022 8:11 PM,
22:56:00,4/7/2022 8:11 PM,
21:21:00,4/8/2022 22:58,
18:53:00,4/9/2022,
24:00:00,4/10/2022 9:12 PM,
22:49:00,4/11/2022 8:29 PM,
20:55:00,4/12/2022 17:41,
17:42:00,4/13/2022 5:53 PM,
6:07:00,4/14/2022,
24:00:00,4/15/2022,
,4/16/2022,
24:00:00,4/17/2022 7:53 PM,
,,
22:55:00,4/18/2022 7:18 PM,
24:24:00,4/19/2022 8:25 PM,
3:35:00,4/20/2022 22:01,
1:59:00,4/21/2022,
,4/22/2022 5:48 PM,
6:12:00,4/23/2022,
,4/24/2022 7:28 PM,
,,
23:33:00,4/25/2022 7:15 PM,
22:48:00,4/26/2022 7:11 PM,
18:27:00,4/27/2022 9:35 PM,
18:52:00,4/28/2022 8:19 PM,
3:41:00,4/29/2022,
37:53:00,4/30/2022,
24:00:00,5/1/2022,
,,
24:00:00,5/2/2022,
24:00:00,5/3/2022,
,5/4/2022 23:11,
17:21:00,5/5/2022 8:52 PM,
18:54:00,5/6/2022 8:52 PM,
17:14:00,5/7/2022,
24:00:00,5/8/2022,
,,
24:00:00,5/9/2022,
24:00:00,5/10/2022,
,5/11/2022 9:12 PM,
19:28:00,5/12/2022 8:02 PM,
23:59:00,5/13/2022,
24:00:00,5/14/2022,
24:00:00,5/15/2022 23:05,
,,
15:19:00,5/16/2022,
24:00:00,5/17/2022,
24:00:00,5/18/2022,
24:00:00,5/19/2022,
24:00:00,5/20/2022,
24:00:00,5/21/2022,
24:00:00,5/22/2022,
,,
,5/23/2022 8:32 PM,
19:10:00,5/24/2022,
,5/25/2022 8:05 PM,
19:08:00,5/26/2022 7:12 PM,
18:19:00,5/27/2022,
24:00:00,5/28/2022,
24:00:00,5/29/2022,
,,
,5/30/2022 7:05 PM,
20:51:00,5/31/2022 8:42 PM,
18:11:00,6/1/2022 9:22 PM,
18:21:00,6/2/2022 8:49 PM,
18:24:00,6/3/2022 8:28 PM,
,6/4/2022 8:29 PM,
,6/5/2022 7:24 PM,
,,
18:50:00,6/6/2022 8:16 PM,
18:19:00,6/7/2022 7:47 PM,
19:02:00,6/8/2022 9:45 PM,
18:07:00,6/9/2022 8:32 PM,
14:51:00,6/10/2022,
,6/11/2022,
,6/12/2022 23:59,
,,
14:59:00,6/13/2022 20:32,
18:24:00,6/14/2022 22:53,
13:32:00,6/15/2022 10:27 PM,
1:33:00,6/16/2022 6:20 PM,
5:40:00,6/17/2022 23:28,
0:32:00,6/18/2022,
40:07:00,6/19/2022 8:09 PM,
,,
17:57:00,6/20/2022 8:01 PM,
18:01:00,6/21/2022 5:21 PM,
24:32:00,6/22/2022 8:16 PM,
18:02:00,6/23/2022 5:24 PM,
19:45:00,6/24/2022 9:56 PM,
17:41:00,6/25/2022 19:53,
12:39:00,6/26/2022,
,,
,6/27/2022 23:58,
0:02:00,6/28/2022,
36:11:00,6/29/2022 7:48 PM,
18:50:00,6/30/2022 5:43 PM,
19:34:00,7/1/2022 7:18 PM,
21:40:00,7/2/2022 23:59,
14:04:00,7/3/2022 23:59,
,,
15:26:00,7/4/2022 8:04 PM,
18:14:00,7/5/2022 10:17 PM,
21:30:00,7/6/2022 8:16 PM,
19:06:00,7/7/2022 7:42 PM,
18:26:00,7/8/2022 7:44 PM,
4:16:00,7/9/2022 23:59,
17:52:00,7/10/2022 23:59,
,,
15:31:00,7/11/2022 7:54 PM,
15:29:00,7/12/2022 12:02 PM,
22:29:00,7/13/2022 11:02 PM,
21:22:00,7/14/2022 9:02 PM,
16:33:00,7/15/2022 13:54,
10:06:00,7/16/2022,
24:00:00,7/17/2022,
,,
24:00:00,7/18/2022,
24:00:00,7/19/2022 23:00,
14:54:00,7/20/2022 21:36,
2:24:00,7/21/2022,
24:00:00,7/22/2022,
24:00:00,7/23/2022,
,7/24/2022 7:32 PM,
,,
16:56:00,7/25/2022 8:06 PM,
3:54:00,7/26/2022,
24:00:00,7/27/2022 8:13 PM,
3:47:00,7/28/2022,
24:00:00,7/29/2022,
24:00:00,7/30/2022,
24:00:00,7/31/2022,
,,
24:00:00,8/1/2022,
24:00:00,8/2/2022,
24:00:00,8/3/2022,
24:00:00,8/4/2022,
24:00:00,8/5/2022,
24:00:00,8/6/2022,
24:00:00,8/7/2022,
,,
24:00:00,8/8/2022,
24:00:00,8/9/2022,
24:00:00,8/10/2022,
24:00:00,8/11/2022,
24:00:00,8/12/2022,
24:00:00,8/13/2022,
24:00:00,8/14/2022,
,,
24:00:00,8/15/2022,
24:00:00,8/16/2022,
24:00:00,8/17/2022,
24:00:00,8/18/2022,
24:00:00,8/19/2022 8:15 PM,
17:18:00,8/20/2022,
24:00:00,8/21/2022,
,8/22/2022 7:54 PM,
18:03:00,8/23/2022 10:43 PM,
15:22:00,8/24/2022 8:04 PM,
18:10:00,8/25/2022 8:12 PM,
18:37:00,8/26/2022 11:28 PM,
0:32:00,8/27/2022 23:59,79.8
19:19:00,8/28/2022 8:27 PM,
18:01:00,8/29/2022 8:29 PM,
17:39:00,8/30/2022 20:13,
14:08:00,8/31/2022,
24:00:00,9/1/2022,
24:00:00,9/2/2022,
24:00:00,9/3/2022,
24:00:00,9/4/2022 11:59 PM,
0:01:00,9/5/2022,
45:32:00,9/6/2022 9:53 PM,
19:32:00,9/7/2022 5:54 PM,
20:18:00,9/8/2022 7:54 PM,
19:01:00,9/9/2022 7:21 PM,
17:17:00,9/10/2022 22:59,
16:09:00,9/11/2022 3:44 PM,
8:16:00,9/12/2022 23:59,
20:37:00,9/13/2022 9:02 PM,
17:13:00,9/14/2022 20:02,
20:33:00,9/15/2022 7:41 PM,
18:32:00,9/16/2022 7:58 PM,
4:02:00,9/17/2022 23:02,
19:36:00,9/18/2022 7:09 PM,
19:15:00,9/19/2022 7:26 PM,
19:18:00,9/20/2022 6:05 PM,
20:31:00,9/21/2022 7:55 PM,
19:02:00,9/22/2022 7:38 PM,
18:44:00,9/23/2022 7:31 PM,
18:21:00,9/24/2022 21:59,
18:08:00,9/25/2022 4:35 PM,
22:01:00,9/26/2022,
24:00:00,9/27/2022,
24:00:00,9/28/2022 5:51 PM,
21:20:00,9/29/2022 8:21 PM,
19:30:00,9/30/2022 6:33 PM,
5:27:00,10/1/2022 23:59,
14:57:00,10/2/2022 6:15 PM,
19:48:00,10/3/2022 8:29 PM,
18:56:00,10/4/2022 23:59,
13:59:00,10/5/2022 2:23 PM,
25:08:00,10/6/2022 7:12 PM,
18:51:00,10/7/2022 5:36 PM,
6:24:00,10/8/2022 23:59,
18:14:00,10/9/2022 6:46 PM,
23:55:00,10/10/2022 7:55 PM,
17:21:00,10/11/2022 6:38 PM,
22:18:00,10/12/2022 6:36 PM,
21:26:00,10/13/2022 7:54 PM,
4:06:00,10/14/2022,
24:00:00,10/15/2022,
24:00:00,10/16/2022 23:25,
0:35:00,10/17/2022,
39:40:00,10/18/2022 7:42 PM,
18:19:00,10/19/2022 6:43 PM,
22:38:00,10/20/2022 10:16 PM,
15:50:00,10/21/2022 4:31 PM,
7:29:00,10/22/2022 23:59,
17:47:00,10/23/2022 6:43 PM,
,,
20:20:00,10/24/2022 23:59,
18:45:00,10/25/2022 23:59,
16:18:00,10/26/2022 9:15 PM,
20:26:00,10/27/2022 7:24 PM,
20:47:00,10/28/2022 5:21 PM,
20:05:00,10/29/2022 21:31,
22:12:00,10/30/2022 8:16 PM,
,,
17:10:00,10/31/2022 8:38 PM,
18:08:00,11/1/2022 18:02,
21:12:00,11/2/2022 9:21 PM,
20:03:00,11/3/2022 7:08 PM,
20:48:00,11/4/2022 8:51 PM,
3:09:00,11/5/2022 9:03 PM,
19:28:00,11/6/2022 5:58 PM,
,,
17:09:00,11/7/2022 12:58 PM,
26:26:00,11/8/2022 17:03,
23:30:00,11/9/2022 6:09 PM,
23:35:00,11/10/2022 7:03 PM,
22:39:00,11/11/2022 19:39,
20:22:00,11/12/2022 20:35,
3:25:00,11/13/2022 22:08,
,,
20:29:00,11/14/2022 8:05 PM,
18:00:00,11/15/2022 9:44 PM,
19:40:00,11/16/2022 6:47 PM,
24:55:00,11/17/2022 23:59,
17:49:00,11/18/2022 8:43 PM,
16:56:00,11/19/2022,
,11/20/2022 9:10 PM,
#ERROR!,11/21/2022 8:40 PM,
19:00:00,11/22/2022 5:12 PM,
23:45:00,11/23/2022 6:46 PM,
24:16:00,11/24/2022 9:02 PM,
17:41:00,11/25/2022 4:22 PM,
#VALUE!,11/26/2022 7:17 PM,
21:46:00,11/27/2022 6:24 PM,
26:41:00,11/28/2022 11:51 PM,
13:26:00,11/29/2022 10:08 PM,
22:35:00,11/30/2022 9:45 PM,
14:27:00,12/1/2022 19:51,
22:21:00,12/2/2022 8:45 PM,
20:08:00,12/3/2022 9:21 PM,
16:39:00,12/4/2022 9:43 PM,
17:49:00,12/5/2022 7:42 PM,
22:27:00,12/6/2022 7:44 PM,
21:13:00,12/7/2022 6:27 PM,
25:32:00,12/8/2022 9:45 PM,
21:36:00,12/9/2022 8:36 PM,
23:30:00,12/10/2022 10:03 PM,
11:59:00,12/11/2022 10:12 PM,
20:37:00,12/12/2022 8:51 PM,
24:35:00,12/13/2022 10:33 PM,
20:09:00,12/14/2022 10:22 PM,
20:57:00,12/15/2022 8:51 PM,
22:41:00,12/16/2022 21:35,
18:57:00,12/17/2022 8:57 PM,
3:03:00,12/18/2022 10:13 PM,
21:15:00,12/19/2022 9:01 PM,
20:38:00,12/20/2022 6:15 PM,
22:21:00,12/21/2022 6:53 PM,
23:54:00,12/22/2022 8:29 PM,
3:31:00,12/23/2022 23:08,
22:11:00,12/24/2022 10:02 PM,
20:59:00,12/25/2022 22:58,
16:03:00,12/26/2022 4:26 PM,
26:19:00,12/27/2022 8:43 PM,
22:04:00,12/28/2022 9:42 PM,
20:36:00,12/29/2022 22:13,
18:16:00,12/30/2022 10:23 PM,
16:46:00,12/31/2022,
24:00:00,1/1/2023,
24:00:00,1/2/2023,
24:00:00,1/3/2023,
24:00:00,1/4/2023,
24:00:00,1/5/2023,
24:00:00,1/6/2023 6:32 PM,
23:46:00,1/7/2023 7:18 PM,
23:03:00,1/8/2023 10:35 PM,
20:39:00,1/9/2023 8:41 PM,
22:30:00,1/10/2023 8:31 PM,
21:12:00,1/11/2023 6:50 PM,83.01
5:10:00,1/12/2023,
24:00:00,1/13/2023,
24:00:00,1/14/2023,
24:00:00,1/15/2023,
24:00:00,1/16/2023 7:48 PM,
4:12:00,1/17/2023 7:58 PM,
4:02:00,1/18/2023,
24:00:00,1/19/2023,
24:00:00,1/20/2023,
24:00:00,1/21/2023,
24:00:00,1/22/2023,81.6
24:00:00,1/23/2023,
24:00:00,1/24/2023,
24:00:00,1/25/2023,
24:00:00,1/26/2023,
24:00:00,1/27/2023,
24:00:00,1/28/2023,81.84
24:00:00,1/29/2023,
24:00:00,1/30/2023,
24:00:00,1/31/2023,82.75
24:00:00,2/1/2023,
24:00:00,2/2/2023,
24:00:00,2/3/2023,
24:00:00,2/4/2023,80.6
24:00:00,2/5/2023,
24:00:00,2/6/2023,
24:00:00,2/7/2023,
24:00:00,2/8/2023,
24:00:00,2/9/2023,
24:00:00,2/10/2023,
24:00:00,2/11/2023,80.48
24:00:00,2/12/2023,
24:00:00,2/13/2023,
24:00:00,2/14/2023,
24:00:00,2/15/2023,
24:00:00,2/16/2023,
24:00:00,2/17/2023,
24:00:00,2/18/2023,80.1
24:00:00,2/19/2023,
24:00:00,2/20/2023,
24:00:00,2/21/2023,
24:00:00,2/22/2023,
24:00:00,2/23/2023,
24:00:00,2/24/2023,
24:00:00,2/25/2023,
24:00:00,2/26/2023,79.4
24:00:00,2/27/2023,
24:00:00,2/28/2023,
24:00:00,3/1/2023,
24:00:00,3/2/2023,
24:00:00,3/3/2023,
24:00:00,3/4/2023,78.56
24:00:00,3/5/2023,
24:00:00,3/6/2023,
24:00:00,3/7/2023,
24:00:00,3/8/2023,
24:00:00,3/9/2023,
24:00:00,3/10/2023,
24:00:00,3/11/2023,79.11
24:00:00,3/12/2023,
24:00:00,3/13/2023,
24:00:00,3/14/2023,
24:00:00,3/15/2023,
24:00:00,3/16/2023,
24:00:00,3/17/2023,
24:00:00,3/18/2023,77.61
24:00:00,3/19/2023,
24:00:00,3/20/2023,
24:00:00,3/21/2023,
24:00:00,3/22/2023,
24:00:00,3/23/2023,
24:00:00,3/24/2023,
24:00:00,3/25/2023,77.7
24:00:00,3/26/2023,
24:00:00,3/27/2023,
24:00:00,3/28/2023,
24:00:00,3/29/2023,
24:00:00,3/30/2023,
24:00:00,3/31/2023,
24:00:00,4/1/2023,
24:00:00,4/2/2023,
24:00:00,4/3/2023,
24:00:00,4/4/2023,
24:00:00,4/5/2023,
24:00:00,4/6/2023,
24:00:00,4/7/2023,
24:00:00,4/8/2023,78.05
24:00:00,4/9/2023,
24:00:00,4/10/2023,
24:00:00,4/11/2023,
24:00:00,4/12/2023,
24:00:00,4/13/2023,
24:00:00,4/14/2023,
24:00:00,4/15/2023,77.38
24:00:00,4/16/2023,
24:00:00,4/17/2023,
24:00:00,4/18/2023,76.8
24:00:00,4/19/2023,
24:00:00,4/20/2023,
24:00:00,4/21/2023,
24:00:00,4/22/2023,
24:00:00,4/23/2023,
24:00:00,4/24/2023,
24:00:00,4/25/2023,
24:00:00,4/26/2023,
24:00:00,4/27/2023,
24:00:00,4/28/2023,
24:00:00,4/29/2023,
24:00:00,4/30/2023,
24:00:00,5/1/2023,
24:00:00,5/2/2023,
24:00:00,5/3/2023,
24:00:00,5/4/2023,
24:00:00,5/5/2023,
24:00:00,5/6/2023,
24:00:00,5/7/2023,
24:00:00,5/8/2023,
24:00:00,5/9/2023,79.4
24:00:00,5/10/2023,
24:00:00,5/11/2023,
24:00:00,5/12/2023,
24:00:00,5/13/2023,
24:00:00,5/14/2023,
24:00:00,5/15/2023,
24:00:00,5/16/2023,78.16
24:00:00,5/17/2023,
24:00:00,5/18/2023,
24:00:00,5/19/2023,
24:00:00,5/20/2023,
24:00:00,5/21/2023,
24:00:00,5/22/2023,
24:00:00,5/23/2023,
24:00:00,5/24/2023,
24:00:00,5/25/2023,
24:00:00,5/26/2023,
24:00:00,5/27/2023,
24:00:00,5/28/2023,
24:00:00,5/29/2023,78.83
24:00:00,5/30/2023,
24:00:00,5/31/2023,
24:00:00,6/1/2023,
24:00:00,6/2/2023,
24:00:00,6/3/2023,
24:00:00,6/4/2023,
24:00:00,6/5/2023,
24:00:00,6/6/2023,
24:00:00,6/7/2023,
24:00:00,6/8/2023,78.36
24:00:00,6/9/2023,
24:00:00,6/10/2023,
24:00:00,6/11/2023,
24:00:00,6/12/2023,
24:00:00,6/13/2023,
24:00:00,6/14/2023,
24:00:00,6/15/2023,
24:00:00,6/16/2023,
24:00:00,6/17/2023,79.7
24:00:00,6/18/2023,
24:00:00,6/19/2023,
24:00:00,6/20/2023,
24:00:00,6/21/2023,78.32
24:00:00,6/22/2023,
24:00:00,6/23/2023,
24:00:00,6/24/2023,
24:00:00,6/25/2023,
24:00:00,6/26/2023,
24:00:00,6/27/2023,
24:00:00,6/28/2023,
24:00:00,6/29/2023,
24:00:00,6/30/2023,
24:00:00,7/1/2023,77.12
24:00:00,7/2/2023,
24:00:00,7/3/2023,
24:00:00,7/4/2023,
24:00:00,7/5/2023,
24:00:00,7/6/2023,
24:00:00,7/7/2023,
24:00:00,7/8/2023,78.27
24:00:00,7/9/2023,
24:00:00,7/10/2023,
24:00:00,7/11/2023,
24:00:00,7/12/2023,
24:00:00,7/13/2023,
24:00:00,7/14/2023,
24:00:00,7/15/2023,
24:00:00,7/16/2023,
24:00:00,7/17/2023,
24:00:00,7/18/2023,
24:00:00,7/19/2023,
24:00:00,7/20/2023,
24:00:00,7/21/2023,
24:00:00,7/22/2023,
24:00:00,7/23/2023,
24:00:00,7/24/2023,
24:00:00,7/25/2023,
24:00:00,7/26/2023,78.56
24:00:00,7/27/2023,
24:00:00,7/28/2023,
24:00:00,7/29/2023,
24:00:00,7/30/2023,
24:00:00,7/31/2023,
24:00:00,8/1/2023,
24:00:00,8/2/2023,
24:00:00,8/3/2023,
24:00:00,8/4/2023,
24:00:00,8/5/2023,
24:00:00,8/6/2023,
24:00:00,8/7/2023,
24:00:00,8/8/2023,
24:00:00,8/9/2023,
24:00:00,8/10/2023,
24:00:00,8/11/2023,
24:00:00,8/12/2023,
24:00:00,8/13/2023,
24:00:00,8/14/2023,
24:00:00,8/15/2023,
24:00:00,8/16/2023,
24:00:00,8/17/2023,
24:00:00,8/18/2023,
24:00:00,8/19/2023,
24:00:00,8/20/2023,
24:00:00,8/21/2023,
24:00:00,8/22/2023,
24:00:00,8/23/2023,
24:00:00,8/24/2023,
24:00:00,8/25/2023,
24:00:00,8/26/2023,
,,
,,
,10/20/2023,78.5
,,
,10/25/2023,78.85
,10/31/2023,79.8
